ISBN,Count,Book Name,Price
9780000000000 ,100,Snooze,
9780000000000 ,84,Tickle Tickle,
9780000000000 ,71,Ten little Fingers and Ten little Toes,
9780000000000 ,67,I'm a Truck Driver,
9780000000000 ,61,My farmyard tales - 16K,
9780000000000 ,48,Welcome to the Zoo!,
9780000000000 ,41,Babys first Squeak ,
9780000000000 ,34,Say good night,
9780000000000 ,33,RainBow,
9780000000000 ,32,All Fall Down,
9780000000000 ,26,Anzac Day Parade - laobing,
9780000000000 ,13,Hanukkah!,
9780000000000 ,13,At the construction Site-13 ,
9780000000000 ,13,Houghton Mifflin - Reading - Splash!,
9780000000000 ,13,No Two Snowflakes - soft,
9780000000000 ,13,Puppy Dogs ABC,,
9780000000000 ,12,Early Readers -Three Happytime stories,,
9780000000000 ,12,CP-Do like a Duck Does! - 32K,,
51488005995 ,11,The Big Fat Enormous Lie - 32K-softcover,,
9780000000000 ,11,Spot can count ,,
9780000000000 ,10,Good Sports - huiben -,,
9780000000000 ,10,Reading Corner - A busy Week,,
9780000000000 ,10,Reading Corner - Whizzy Witch,,
9780000000000 ,10,My Grandma Could Do Anything!-64K-soft,,
9780000000000 ,10,My Grandma Could Do anything in The Rocky Mountains! Soft - 64K,,
9780000000000 ,10,You are what you eat -soft -small 16K,,
9780000000000 ,9,Limu- The Bule Turtle and his hawaiian Garden  ,,
9780000000000 ,9,3-D  Origami Fun Folds Animals - Arts Hard Cover,,
9780000000000 ,9,Lets Look at colours -10,,
9780000000000 ,9,MemFox-1-Sail Away-softcover, mothers,sisters
9780000000000 ,9,Happy Birthday to you! -huiben-hard cover-32k,,
9780000000000 ,8,MemFox Pack-4
9780000000000 ,8,Lets look at counting!- hardcover -
9780000000000 ,7,DK-My first Farm-Hard Board
827000000000 ,6,Lynnie - An inner Child - Calendar
9780000000000 ,6,Reading Corner - A Gift For the King
9780000000000 ,5,CP-Danny's Drawing Book - huiben-
9790000000000 ,5,GEP-FairyTales-Ugly Duckling 
9780000000000 ,4,Being a pig is nice - Hard Cover- A Children's-Eye View of Manners-hard cover -16K
9780000000000 ,4,Early Readers - Three Playtime stories
9780000000000 ,4,The Tale of Squirrel Nutkin - A sticker Story Book - soft cover 16K
9780000000000 ,4,The Seashore - small 64K -softcover
9780000000000 ,4,Big Thoughts For little People -hard cover - 16K
9780000000000 ,4,Lynnie - An inner Child - Card
9780000000000 ,3,Litle Penguin's Tale - Audrey Wood- Softcover-16K
9780000000000 ,3,The Rhyme Bible - story book
9780000000000 ,3,Early Readers - Three Read Along stories
9780000000000 ,3,The Tale of The Flopsy Bunnies - Nutkin - A sticker Story Book - soft cover 
9780000000000 ,3,Who is in the Zoo! -Hard 
89279240874 ,1,Humu- The little Fish who Wished Away His Colors - huiben -16K
9780000000000 ,1,If you see a Kitten! - huiben - 16K-softcover 
9780000000000 ,1,The Dudgeon is coming - huiben - soft -16K
9780000000000 ,1,The gardener - huiben -soft 16K
9780000000000 ,1,Reading Rainbow book- Fathers mothers sisters  brothers  A collection of family Poems - 16K -softcover - 1ben
9780000000000 ,1,Peace At last - huiben - 16K softcover
9780000000000 ,1,Early Readers - Three Read Aloud Stories
9780000000000 ,1,usborne Christmas Baking for children -hard 16K
9780000000000 ,1,All around the farm - hard small 16k
9780000000000 ,1,Nickelodeon-DK-Ultimate stiker collection - 20 yuan - 8 ben9780375837005
9780000000000 ,1,The legend of spookley - The Square Pumpkin-huiben - hard cover 16K - 4 ben 10 yuan
9780000000000 ,1,I am deaf -softcover-huiben -16K
9780000000000 ,1,LIMU  the blue turtle - hard small 16K
9780000000000 ,1,Food For me must be nut Free - 16K- softcover -huiben
9780000000000 ,1,FERGUS joins the search soft-small-16K
9780000000000 ,1,Fly  Santa  Fly! - Hard- rolling book- small 16K
9780000000000 ,1,Sesame Street - Let's Have Fun - Story Book Treasury - hard cover
9780000000000 ,1,Hey - I love you!-huiben - 16K -softcover- 1 ben
9780000000000 ,1,DK-Star Wars - The clone wars  - liltimate stiker collection - soft cover
9780000000000 ,1,The Usborne book of Drawing doodling and colouring - soft-big 16k
9780000000000 ,1,Butter cup's lovely Day - huiben-Hard Cover - 16K
9780000000000 ,1,Simple Machines - Wedges and ramps - hard cover
9780000000000 ,1,Famous Fables -The Nightingale - A tale of compassion
9780000000000 ,1,No babysitters Allowed - 10 yuan -you ya hen -
9780000000000 ,1,O is for Obama- hard cover - 9ben - 20 yuan
9780000000000 ,1,The Bedtime Blessing for Boys
9780000000000 ,1,The Bedtime Blessing for Girls
9780000000000 ,1,My Giant Dress-up Doll Book - 20 RMB 59 ben- Hard-big16k
9780000000000 ,1,Don't let the Aliens Get My Marvellous Mum - huiben-hard 16k
9780000000000 ,1,The Think Tank - Yellow level
9790000000000 ,1,GEP-FairyTales-The little Mermaid
9790000000000 ,1,GEP-FairyTales-The Emperor's New Glothes
9790000000000 ,1,GEP-FairyTales-Thumbelina
