Book Name,Count,Price,ISBN
Rainbow,33,25,9781921564161 
Welcome to the zoo,48,25,9781840119732 
Peppa Pig - Sunny Day,240,6,9781409304937 
Peppa Pig - Colour and Draw,18,6,9781409304951 
Dogs ABC,11,8,9781595833846 
At the Cons Site,14,10,9780545064538 
Tickle Tickle,94,6,9781406319477 
DK-My First Farm,7,20,9780756655440 
Lynn an Inner Child-Calendar,6,15,9781932393156 
Spooky Rumpus,10,10,9781843627487 
Squeak,42,8,9781741845365 
Spot can count,10,15,9780399243615 
All fall down,32,6,9781406319491 
The Rhyme Bible Story Book,3,25,9780310701972 
Say Goodbye,34,6,9781406319484 
Ten Little Fingers and Ten little toes,71,6,9781406320701 
Happy birthday to you ,9,15,9781934082096 
Little Penguin's Tale,3,6,9780152474768 
Memfox 1 sail away,9,6,9781865049519 
3D Origami Fun Folds Animals,9,20,9781604331530 
Lets Look at colours ,9,15,9781742117874 
Let's Look at counting,8,15,9781742117881 
a big fat enormous lie,11,8,51488005995 
My Farmyard tales,61,18,9781435115224 
Snooze,100,8,9781741845372 
my grandma could do anything,9,5,9780975870402 
my grandma could do anything in the rocky mountains,9,5,9780975870471 
Who's in the zoo,3,15,9780760793398 
Danny's Drawing book,4,10,9781406313345 
Bedtime blessing for girls,10,15,9781770360990 
Do like a duck does(Ð¡),11,12,9780763632847 
Early Readers(ºì),12,8,9780709717430 
Early Readers£¨À¶£©,3,8,9780709717416 
Early Readers£¨·Û£©,2,8,9780709718017 
Ugly Duckling,4,8,9789628952311 
Whizzy Witch,9,8,9780749671402 
A busy week,9,8,9780749653057 
A Gift For the King,8,8,9780749657352 
A short history of every thing,6,48,9780385614801 
Baby's record,11,20,415055330758 
Monsters ,20,20,776217021588 
Memfox 4 pack,8,28,9780999293201 
Being a pig is nice,2,15,9780375841873 
limu and Hawiee garden,9,12,9780931548642 
Splash!,12,8,9780618036530 
No two snow flakes are the same,13,8,9781551432274 
Anzak Day Parade,27,8,9780143503538 
Hanukkah,12,15,9780316034777 
GoodSports,10,10,9780375837005 
Truck Driver,67,15,9780805079890 

Peppa Pig - Fun with George,117,6,9781409306405 
Peppa Pig - Piggy Playtime,82,6,9781409306412 
Peppa Pig - Peppa's Playtime,82,6,9781846468223 
Peppa Pig - Peppa and Friends Sticker Book,118,6,9781409306443 
Peppa Pig - Fun with Peppa,97,6,9781409306436 
