ISBN,Name
#13,
9780804836432 ,Do Mice Eat Rice
9780230015838 ,Monkey and Me
9781741827941 ,Tea time in space
9781407533537 ,My Little Library Favourite Toys
9780811860246 ,Only in dreams
9781843629900 ,Posy
#16,
776217022608 ,Knights of the castles
#17,
9780375837005 ,Good Sport
27506904045 ,Spongebob-4 -HC
27506904069 ,Spongebob-6 -HC
27506904052 ,Spongebob-5 -HC
9781405314787 ,DK-Sticker Book Garden Bugs
9781405307406 ,DK-Sticker Book Star Wars
9789629892685 ,猜猜我是谁
9780195450729 ,爱说普通话
9789629892708 ,胃先生的故事
9787539743783 ,虹猫蓝兔火凤凰（蓝）
9787539743776 ,虹猫蓝兔火凤凰（红）
9789629892692 ,亲爱一家人
27506040040 ,Scooby-Doo
27506904014 ,Spongebob-Ice Cream Dreams -HC#1
27506904052 ,Spongebob-Class Confusion - HC#5
27506904106 ,Spongebob-And the winner is -HC#10
#15,
9780060283247 ,If you give a cat a cupcake
9781407533537 ,My Little Library Favourite Toys
9781407533520 ,My Little Library Farm Animals
9780670762408 ,Whistle for willie
9780439928267 ,Oliver who would not sleep
9780803731950 ,Ladybug girl
9780312376024 ,Rosa
9780817272562 ,Carlita Ropes the Twister
9781405090230 ,My mummy is magic
9781596433687 ,Hush Little Polar Bear
#8,
776217022608 ,Knights of the castles
#10,
,Farmyard Tales
#7,
681577304014 ,Popup-book-circus ring leader
#4,
681577304014 ,Popup-book-circus animals
#11,
9781934618189 ,Look at me 青蛙面具
9781581175547 ,Curious Kittles
,
9781581175042 ,Bluebirds’nests
9781402734106 ,Read-Surprise
9781402725067 ,Read-Wait for us
9781402720949 ,Read-Can you play
9781402720918 ,The big red blanket 
9781402733444 ,Who took the cake
9780545211468 ,Scholastic海绵书-Lullaby Moon
9780736921510 ,God has a plan for little girls
9780807524350 ,Finding Lincoln
9781555917241 ,Trickster
9780192763075 ,Dragon Poems
#14,,最里面
9781932393606 ,My Inner Child
#6,
9781741818093 ,Wake up Bunny
9781741818086 ,Sleep tight bunny
9781581175042 ,Bluebirds’nests
9781581175547 ,curious kitty
9781581175684 ,Three little caterpillars
#5,
,Good sports 
9780330403191 ,The Simpsons Sticker & Coloring Book
4197253301957 ,Christmas Coloring Book
4197816901952 ,Pferde & Ponys Coloring Book
4197361601956 ,Ostermalbuch Coloring Book
,
9780753405512 ,Are you an ant?
9781845068745 ,10本一套
9780740784811 ,Ten little puppies
9780670036592 ,Froggy's baby sister
,Ten little fingers and ten little toes
9781407533520 ,My Little library of animals
#3,
9780746057360 ,Animal Mazes
877495118448 ,Circus Acrobat-jigsaw puzzle
#12,
9780330403191 ,SinposinSticker Book
#1,
9781846100659 ,Baby Fun number123
#2,
9781846100659 ,Baby Fun number123
#18,
,Farmyard Tales
#19,
,Farmyard Tales
#20,
,Farmyard Tales
